sampleID,libPrepAlias,analysisAlias,TCAPbatch,SpeciesID,SamplingState,SampleSite,Collection,WNSgroup,RecapStatus,CollectionDate,InitialCaptureDate,CaptureAge,BandNum,Sex,Collector,Notes,SpeciesPfx,Location,LocationNumber,LocationOrder
2006-VT-02,tcap004,SEpre-tcap004,3,MYSE,VT,Rutland,VHOF,pre,N,6/11/2006,NA,A,NA,F,Scott Darling,NA,SE,VT-Rutland,20,20
2006-VT-01,tcap110,SEpre-tcap110,3,MYSE,VT,Rutland,VHOF,pre,N,6/11/2006,NA,A,NA,M,Scott Darling,NA,SE,VT-Rutland,20,20
2009-EB-517,tcap033,SEpre-tcap033,3,MYSE,NH,Cheshire,VHOF,pre,N,8/17/2008,NA,A,NA,F,Gary Pelton,NA,SE,NH-Cheshire,8,8
2009-EB-519,tcap035,SEpre-tcap035,3,MYSE,NH,Cheshire,VHOF,pre,N,8/17/2008,NA,A,NA,F,Gary Pelton,NA,SE,NH-Cheshire,8,8
2009-EB-520,tcap036,SEpre-tcap036,3,MYSE,NH,Cheshire,VHOF,pre,N,8/17/2008,NA,A,NA,M,Gary Pelton,NA,SE,NH-Cheshire,8,8
2009-EB-521,tcap037,SEpre-tcap037,3,MYSE,NH,Cheshire,VHOF,pre,N,8/17/2008,NA,A,NA,M,Gary Pelton,NA,SE,NH-Cheshire,8,8
2009-EB-522,tcap038,SEpre-tcap038,3,MYSE,NH,Cheshire,VHOF,pre,N,8/17/2008,NA,A,NA,F,Gary Pelton,NA,SE,NH-Cheshire,8,8
2009-EB-523,tcap039,SEpre-tcap039,3,MYSE,NH,Cheshire,VHOF,pre,N,8/17/2008,NA,A,NA,M,Gary Pelton,NA,SE,NH-Cheshire,8,8
2009-EB-524,tcap040,SEpre-tcap040,3,MYSE,NH,Cheshire,VHOF,pre,N,8/17/2008,NA,A,NA,M,Gary Pelton,NA,SE,NH-Cheshire,8,8
2009-EB-518,tcap145,SEpre-tcap145,3,MYSE,NH,Cheshire,VHOF,pre,N,8/17/2008,NA,A,NA,M,Gary Pelton,NA,SE,NH-Cheshire,8,8
2009-EB-525,tcap041,SEpre-tcap041,3,MYSE,NH,Cheshire,VHOF,pre,N,8/19/2008,NA,A,NA,M,Gary Pelton,NA,SE,NH-Cheshire,8,8
2009-EB-526,tcap042,SEpre-tcap042,3,MYSE,NH,Cheshire,VHOF,pre,N,8/28/2008,NA,A,NA,M,Gary Pelton,NA,SE,NH-Cheshire,8,8
2009-EB-528,tcap044,SEpre-tcap044,3,MYSE,NH,Cheshire,VHOF,pre,N,8/28/2008,NA,A,NA,M,Gary Pelton,NA,SE,NH-Cheshire,8,8
2009-EB-529,tcap045,SEpre-tcap045,3,MYSE,NH,Cheshire,VHOF,pre,N,8/28/2008,NA,A,NA,F,Gary Pelton,NA,SE,NH-Cheshire,8,8
2009-EB-530,tcap046,SEpre-tcap046,3,MYSE,NH,Cheshire,VHOF,pre,N,8/28/2008,NA,A,NA,M,Gary Pelton,NA,SE,NH-Cheshire,8,8
2009-EB-531,tcap047,SEpre-tcap047,3,MYSE,NH,Cheshire,VHOF,pre,N,8/28/2008,NA,A,NA,M,Gary Pelton,NA,SE,NH-Cheshire,8,8
2009-EB-532,tcap048,SEpre-tcap048,3,MYSE,NH,Cheshire,VHOF,pre,N,8/28/2008,NA,A,NA,M,Gary Pelton,NA,SE,NH-Cheshire,8,8
2009-EB-533,tcap049,SEpre-tcap049,3,MYSE,NH,Cheshire,VHOF,pre,N,8/28/2008,NA,A,NA,F,Gary Pelton,NA,SE,NH-Cheshire,8,8
2009-EB-527,tcap199,SEpre-tcap199,3,MYSE,NH,Cheshire,VHOF,pre,N,8/28/2008,NA,A,NA,M,Gary Pelton,NA,SE,NH-Cheshire,8,8
2009-EB-534,tcap120,SEpre-tcap120,3,MYSE,NH,Cheshire,VHOF,pre,N,8/29/2008,NA,A,NA,F,Gary Pelton,NA,SE,NH-Cheshire,8,8
WNS08021,tcap009,LUpre-tcap009,3,MYLU,MA,Chester,BU,pre,N,11/20/08,NA,A,BC318,F,Boston University,NA,LU,MA-Chester,2,2
WNS08022,tcap010,LUpre-tcap010,3,MYLU,MA,Chester,BU,pre,N,11/20/08,NA,A,BC319,F,Boston University,NA,LU,MA-Chester,2,2
WNS08028,tcap011,LUpre-tcap011,3,MYLU,MA,Chester,BU,pre,N,11/20/08,NA,A,BC325,F,Boston University,NA,LU,MA-Chester,2,2
WNS08030,tcap012,LUpre-tcap012,3,MYLU,MA,Chester,BU,pre,N,11/20/08,NA,A,BC327,F,Boston University,NA,LU,MA-Chester,2,2
WNS08031,tcap013,LUpre-tcap013,3,MYLU,MA,Chester,BU,pre,N,11/20/08,NA,A,BC328,F,Boston University,NA,LU,MA-Chester,2,2
WNS08032,tcap014,LUpre-tcap014,3,MYLU,MA,Chester,BU,pre,N,11/20/08,NA,A,BC329,F,Boston University,NA,LU,MA-Chester,2,2
WNS08033,tcap015,LUpre-tcap015,3,MYLU,MA,Chester,BU,pre,N,11/20/08,NA,A,BC330,F,Boston University,NA,LU,MA-Chester,2,2
WNS08034,tcap016,LUpre-tcap016,3,MYLU,MA,Chester,BU,pre,N,11/20/08,NA,A,BC331,F,Boston University,NA,LU,MA-Chester,2,2
WNS08035,tcap017,LUpre-tcap017,3,MYLU,MA,Chester,BU,pre,N,11/20/08,NA,A,BC332,F,Boston University,NA,LU,MA-Chester,2,2
WNS08048,tcap005,LUpre-tcap005,3,MYLU,NY,WilliamsMine,BU,pre,N,12/17/08,NA,A,BC879,F,Boston University,NA,LU,NY-WilliamsMine,17,17
WNS08039,tcap018,LUpre-tcap018,3,MYLU,NY,WilliamsMine,BU,pre,N,12/17/08,NA,A,BC870,F,Boston University,NA,LU,NY-WilliamsMine,17,17
WNS08040,tcap019,LUpre-tcap019,3,MYLU,NY,WilliamsMine,BU,pre,N,12/17/08,NA,A,BC871,F,Boston University,NA,LU,NY-WilliamsMine,17,17
WNS08041,tcap020,LUpre-tcap020,3,MYLU,NY,WilliamsMine,BU,pre,N,12/17/08,NA,A,BC872,F,Boston University,NA,LU,NY-WilliamsMine,17,17
WNS08042,tcap021,LUpre-tcap021,3,MYLU,NY,WilliamsMine,BU,pre,N,12/17/08,NA,A,BC873,F,Boston University,NA,LU,NY-WilliamsMine,17,17
WNS08043,tcap022,LUpre-tcap022,3,MYLU,NY,WilliamsMine,BU,pre,N,12/17/08,NA,A,BC874,F,Boston University,NA,LU,NY-WilliamsMine,17,17
WNS08044,tcap023,LUpre-tcap023,3,MYLU,NY,WilliamsMine,BU,pre,N,12/17/08,NA,A,BC875,F,Boston University,NA,LU,NY-WilliamsMine,17,17
WNS08045,tcap024,LUpre-tcap024,3,MYLU,NY,WilliamsMine,BU,pre,N,12/17/08,NA,A,BC876,F,Boston University,NA,LU,NY-WilliamsMine,17,17
WNS08046,tcap025,LUpre-tcap025,3,MYLU,NY,WilliamsMine,BU,pre,N,12/17/08,NA,A,BC877,F,Boston University,NA,LU,NY-WilliamsMine,17,17
WNS08047,tcap051,LUpre-tcap051,3,MYLU,NY,WilliamsMine,BU,pre,N,12/17/08,NA,A,BC878,F,Boston University,NA,LU,NY-WilliamsMine,17,17
WNS08049,tcap053,LUpre-tcap053,3,MYLU,NY,WilliamsMine,BU,pre,N,12/17/08,NA,A,BC880,F,Boston University,NA,LU,NY-WilliamsMine,17,17
WNS08051,tcap054,LUpre-tcap054,3,MYLU,NY,WilliamsMine,BU,pre,N,12/17/08,NA,A,BC882,F,Boston University,NA,LU,NY-WilliamsMine,17,17
NA,sus01,LUpre-sus01,2,MYLU,VT,Stockbridge,VTFW,pre,NA,1/16/09,NA,NA,NA,NA,Alissa Bennett,Note some samples collected by Steve Trombulak,LU,VT-Stockbridge,21,21
NA,sus02,LUpre-sus02,2,MYLU,VT,Stockbridge,VTFW,pre,NA,1/16/09,NA,NA,NA,NA,Alissa Bennett,NA,LU,VT-Stockbridge,21,21
NA,sus03,LUpre-sus03,2,MYLU,VT,Stockbridge,VTFW,pre,NA,1/16/09,NA,NA,NA,NA,Alissa Bennett,NA,LU,VT-Stockbridge,21,21
NA,sus04,LUpre-sus04,2,MYLU,VT,Stockbridge,VTFW,pre,NA,1/16/09,NA,NA,NA,NA,Alissa Bennett,NA,LU,VT-Stockbridge,21,21
NA,sus05,LUpre-sus05,2,MYLU,VT,Stockbridge,VTFW,pre,NA,1/16/09,NA,NA,NA,NA,Alissa Bennett,NA,LU,VT-Stockbridge,21,21
NA,sus06,LUpre-sus06,2,MYLU,VT,Stockbridge,VTFW,pre,NA,1/16/09,NA,NA,NA,NA,Alissa Bennett,NA,LU,VT-Stockbridge,21,21
NA,sus13,LUpre-sus13,2,MYLU,VT,Stockbridge,VTFW,pre,NA,1/16/09,NA,NA,NA,NA,Alissa Bennett,NA,LU,VT-Stockbridge,21,21
NA,sus14,SEpre-sus14,2,MYSE,VT,Stockbridge,VTFW,pre,NA,1/16/09,NA,NA,NA,NA,Alissa Bennett,NA,SE,VT-Stockbridge,21,21
NA,sus15,SEpre-sus15,2,MYSE,VT,Stockbridge,VTFW,pre,NA,1/16/09,NA,NA,NA,NA,Alissa Bennett,NA,SE,VT-Stockbridge,21,21
NA,sus16,LUpre-sus16,2,MYLU,VT,Stockbridge,VTFW,pre,NA,1/16/09,NA,NA,NA,NA,Alissa Bennett,NA,LU,VT-Stockbridge,21,21
NA,sus17,SEpre-sus17,2,MYSE,VT,Stockbridge,VTFW,pre,NA,1/16/09,NA,NA,NA,NA,Alissa Bennett,NA,SE,VT-Stockbridge,21,21
NA,sus18,SEpre-sus18,2,MYSE,VT,Stockbridge,VTFW,pre,NA,1/16/09,NA,NA,NA,NA,Alissa Bennett,NA,SE,VT-Stockbridge,21,21
NA,sus19,LUpre-sus19,2,MYLU,VT,Stockbridge,VTFW,pre,NA,1/16/09,NA,NA,NA,NA,Alissa Bennett,NA,LU,VT-Stockbridge,21,21
NA,sus20,LUpre-sus20,2,MYLU,VT,Stockbridge,VTFW,pre,NA,1/16/09,NA,NA,NA,NA,Alissa Bennett,NA,LU,VT-Stockbridge,21,21
NA,sus21,LUpre-sus21,2,MYLU,VT,Stockbridge,VTFW,pre,NA,1/16/09,NA,NA,NA,NA,Alissa Bennett,NA,LU,VT-Stockbridge,21,21
NA,sus22,LUpre-sus22,2,MYLU,VT,Stockbridge,VTFW,pre,NA,1/16/09,NA,NA,NA,NA,Alissa Bennett,NA,LU,VT-Stockbridge,21,21
NA,sus23,LUpre-sus23,2,MYLU,VT,Stockbridge,VTFW,pre,NA,1/16/09,NA,NA,NA,NA,Alissa Bennett,NA,LU,VT-Stockbridge,21,21
NA,sus24,LUpre-sus24,2,MYLU,VT,Stockbridge,VTFW,pre,NA,1/16/09,NA,NA,NA,NA,Alissa Bennett,NA,LU,VT-Stockbridge,21,21
NA,sus25,LUpre-sus25,2,MYLU,VT,Stockbridge,VTFW,pre,NA,1/16/09,NA,NA,NA,NA,Alissa Bennett,NA,LU,VT-Stockbridge,21,21
NA,sus26,LUpre-sus26,2,MYLU,VT,Stockbridge,VTFW,pre,NA,1/16/09,NA,NA,NA,NA,Alissa Bennett,NA,LU,VT-Stockbridge,21,21
NA,sus27,LUpre-sus27,2,MYLU,VT,Stockbridge,VTFW,pre,NA,1/16/09,NA,NA,NA,NA,Alissa Bennett,NA,LU,VT-Stockbridge,21,21
NA,sus28,SEpre-sus28,2,MYSE,VT,Stockbridge,VTFW,pre,NA,1/16/09,NA,NA,NA,NA,Alissa Bennett,NA,SE,VT-Stockbridge,21,21
NA,sus29,LUpre-sus29,2,MYLU,VT,Stockbridge,VTFW,pre,NA,1/16/09,NA,NA,NA,NA,Alissa Bennett,NA,LU,VT-Stockbridge,21,21
NA,sus30,SEpre-sus30,2,MYSE,VT,Stockbridge,VTFW,pre,NA,1/16/09,NA,NA,NA,NA,Alissa Bennett,NA,SE,VT-Stockbridge,21,21
NA,sus31,LUpre-sus31,2,MYLU,VT,Stockbridge,VTFW,pre,NA,1/16/09,NA,NA,NA,NA,Alissa Bennett,NA,LU,VT-Stockbridge,21,21
NA,sus32,LUpre-sus32,2,MYLU,VT,Stockbridge,VTFW,pre,NA,1/16/09,NA,NA,NA,NA,Alissa Bennett,NA,LU,VT-Stockbridge,21,21
NA,sus33,LUpre-sus33,2,MYLU,VT,Stockbridge,VTFW,pre,NA,1/16/09,NA,NA,NA,NA,Alissa Bennett,NA,LU,VT-Stockbridge,21,21
NA,sus34,LUpre-sus34,2,MYLU,VT,Stockbridge,VTFW,pre,NA,1/16/09,NA,NA,NA,NA,Alissa Bennett,NA,LU,VT-Stockbridge,21,21
NA,sus35,LUpre-sus35,2,MYLU,VT,Stockbridge,VTFW,pre,NA,1/16/09,NA,NA,NA,NA,Alissa Bennett,NA,LU,VT-Stockbridge,21,21
NA,sus36,LUpre-sus36,2,MYLU,VT,Stockbridge,VTFW,pre,NA,1/16/09,NA,NA,NA,NA,Alissa Bennett,NA,LU,VT-Stockbridge,21,21
NA,sus37,SEpre-sus37,2,MYSE,VT,Stockbridge,VTFW,pre,NA,1/16/09,NA,NA,NA,NA,Alissa Bennett,NA,SE,VT-Stockbridge,21,21
NA,sus38,LUpre-sus38,2,MYLU,VT,Stockbridge,VTFW,pre,NA,1/16/09,NA,NA,NA,NA,Alissa Bennett,NA,LU,VT-Stockbridge,21,21
WNS08111,tcap055,LUpre-tcap055,3,MYLU,VT,Aeolus,BU,pre,N,01/31/09,NA,A,BC182,F,Boston University,NA,LU,VT-Aeolus,18,18
WNS08112,tcap056,LUpre-tcap056,3,MYLU,VT,Aeolus,BU,pre,N,01/31/09,NA,A,BC183,F,Boston University,NA,LU,VT-Aeolus,18,18
WNS08113,tcap057,LUpre-tcap057,3,MYLU,VT,Aeolus,BU,pre,N,01/31/09,NA,A,BC184,F,Boston University,NA,LU,VT-Aeolus,18,18
WNS08114,tcap058,LUpre-tcap058,3,MYLU,VT,Aeolus,BU,pre,N,01/31/09,NA,A,BC185,F,Boston University,NA,LU,VT-Aeolus,18,18
WNS08115,tcap059,LUpre-tcap059,3,MYLU,VT,Aeolus,BU,pre,N,01/31/09,NA,A,BC186,F,Boston University,NA,LU,VT-Aeolus,18,18
WNS08116,tcap060,LUpre-tcap060,3,MYLU,VT,Aeolus,BU,pre,N,01/31/09,NA,A,BC187,F,Boston University,NA,LU,VT-Aeolus,18,18
WNS08117,tcap061,LUpre-tcap061,3,MYLU,VT,Aeolus,BU,pre,N,01/31/09,NA,A,BC188,F,Boston University,NA,LU,VT-Aeolus,18,18
WNS08142,tcap062,LUpre-tcap062,3,MYLU,MA,Chester,BU,pre,N,02/02/09,NA,A,BC367,F,Boston University,NA,LU,MA-Chester,2,2
WNS08143,tcap063,LUpre-tcap063,3,MYLU,MA,Chester,BU,pre,N,02/02/09,NA,A,BC368,F,Boston University,NA,LU,MA-Chester,2,2
WNS08144,tcap064,LUpre-tcap064,3,MYLU,MA,Chester,BU,pre,N,02/02/09,NA,A,BC369,F,Boston University,NA,LU,MA-Chester,2,2
WNS08145,tcap065,LUpre-tcap065,3,MYLU,MA,Chester,BU,pre,N,02/02/09,NA,A,BC370,F,Boston University,NA,LU,MA-Chester,2,2
WNS08146,tcap066,LUpre-tcap066,3,MYLU,MA,Chester,BU,pre,N,02/02/09,NA,A,BC371,F,Boston University,NA,LU,MA-Chester,2,2
WNS08147,tcap067,LUpre-tcap067,3,MYLU,MA,Chester,BU,pre,N,02/02/09,NA,A,BC372,F,Boston University,NA,LU,MA-Chester,2,2
WNS08148,tcap068,LUpre-tcap068,3,MYLU,MA,Chester,BU,pre,N,02/02/09,NA,A,BC373,F,Boston University,NA,LU,MA-Chester,2,2
WNS08149,tcap069,LUpre-tcap069,3,MYLU,MA,Chester,BU,pre,N,02/02/09,NA,A,BC374,F,Boston University,NA,LU,MA-Chester,2,2
WNS08150,tcap070,LUpre-tcap070,3,MYLU,MA,Chester,BU,pre,N,02/02/09,NA,A,BC375,F,Boston University,NA,LU,MA-Chester,2,2
WNS08197,tcap006,LUpre-tcap006,3,MYLU,VT,Aeolus,BU,pre,N,03/27/09,NA,A,BC232,F,Boston University,NA,LU,VT-Aeolus,18,18
WNS08203,tcap027,LUpre-tcap027,3,MYLU,VT,Aeolus,BU,pre,N,03/27/09,NA,A,BC238,F,Boston University,NA,LU,VT-Aeolus,18,18
WNS08204,tcap028,LUpre-tcap028,3,MYLU,VT,Aeolus,BU,pre,N,03/27/09,NA,A,BC239,F,Boston University,NA,LU,VT-Aeolus,18,18
WNS08205,tcap029,LUpre-tcap029,3,MYLU,VT,Aeolus,BU,pre,N,03/27/09,NA,A,BC240,F,Boston University,NA,LU,VT-Aeolus,18,18
WNS08206,tcap030,LUpre-tcap030,3,MYLU,VT,Aeolus,BU,pre,N,03/27/09,NA,A,BC241,F,Boston University,NA,LU,VT-Aeolus,18,18
WNS08188,tcap071,LUpre-tcap071,3,MYLU,VT,Aeolus,BU,pre,N,03/27/09,NA,A,BC223,F,Boston University,NA,LU,VT-Aeolus,18,18
WNS08189,tcap072,LUpre-tcap072,3,MYLU,VT,Aeolus,BU,pre,N,03/27/09,NA,A,BC224,F,Boston University,NA,LU,VT-Aeolus,18,18
WNS08190,tcap073,LUpre-tcap073,3,MYLU,VT,Aeolus,BU,pre,N,03/27/09,NA,A,BC225,F,Boston University,NA,LU,VT-Aeolus,18,18
WNS08191,tcap074,LUpre-tcap074,3,MYLU,VT,Aeolus,BU,pre,N,03/27/09,NA,A,BC226,F,Boston University,NA,LU,VT-Aeolus,18,18
WNS08192,tcap075,LUpre-tcap075,3,MYLU,VT,Aeolus,BU,pre,N,03/27/09,NA,A,BC227,F,Boston University,NA,LU,VT-Aeolus,18,18
WNS08193,tcap076,LUpre-tcap076,3,MYLU,VT,Aeolus,BU,pre,N,03/27/09,NA,A,BC228,F,Boston University,NA,LU,VT-Aeolus,18,18
WNS08194,tcap077,LUpre-tcap077,3,MYLU,VT,Aeolus,BU,pre,N,03/27/09,NA,A,BC229,F,Boston University,NA,LU,VT-Aeolus,18,18
WNS08195,tcap078,LUpre-tcap078,3,MYLU,VT,Aeolus,BU,pre,N,03/27/09,NA,A,BC230,F,Boston University,NA,LU,VT-Aeolus,18,18
WNS08196,tcap079,LUpre-tcap079,3,MYLU,VT,Aeolus,BU,pre,N,03/27/09,NA,A,BC231,F,Boston University,NA,LU,VT-Aeolus,18,18
WNS08198,tcap080,LUpre-tcap080,3,MYLU,VT,Aeolus,BU,pre,N,03/27/09,NA,A,BC233,F,Boston University,NA,LU,VT-Aeolus,18,18
WNS08199,tcap081,LUpre-tcap081,3,MYLU,VT,Aeolus,BU,pre,N,03/27/09,NA,A,BC234,F,Boston University,NA,LU,VT-Aeolus,18,18
WNS08200,tcap082,LUpre-tcap082,3,MYLU,VT,Aeolus,BU,pre,N,03/27/09,NA,A,BC235,F,Boston University,NA,LU,VT-Aeolus,18,18
WNS08201,tcap083,LUpre-tcap083,3,MYLU,VT,Aeolus,BU,pre,N,03/27/09,NA,A,BC236,F,Boston University,NA,LU,VT-Aeolus,18,18
NYA032011,tcap001,SEpre-tcap001,3,MYSE,NY,Akron,NYDEC,pre,N,2/9/2011,NA,NA,NA,NA,Sam Hoff,Akron mine - found dead,SE,NY-Akron,10,10
NYA022011,tcap165,SEpre-tcap165,3,MYSE,NY,Akron,NYDEC,pre,N,2/9/2011,NA,NA,NA,NA,Sam Hoff,Akron mine - found dead,SE,NY-Akron,10,10
NYA042011,tcap169,SEpre-tcap169,3,MYSE,NY,Akron,NYDEC,pre,N,2/9/2011,NA,NA,NA,NA,Sam Hoff,Akron mine - found dead,SE,NY-Akron,10,10
NYA012011,tcap185,SEpre-tcap185,3,MYSE,NY,Akron,NYDEC,pre,N,9/10/2011,NA,NA,NA,NA,Sam Hoff,Akron mine - found dead,SE,NY-Akron,10,10
KG16NH024,res01,LUpost-res01,1,MYLU,NH,Milford,KGUNH,post,Y,6/10/2016,5/20/2009,A,THK27206,F,Katherine Ineson,NA,LU,NH-Milford,9,9
KG16MA258,tcap089,LUpost-tcap089,3,MYLU,MA,Princeton,KGUNH,post,Y,6/13/16,5/16/13,A,MADFW15903,F,Katherine Ineson,NA,LU,MA-Princeton,6,6
KG16MA248,tcap141,LUpost-tcap141,3,MYLU,MA,Princeton,KGUNH,post,Y,6/13/16,5/16/13,A,MADFW15904,F,Katherine Ineson,NA,LU,MA-Princeton,6,6
KG16MA246,tcap148,LUpost-tcap148,3,MYLU,MA,Princeton,KGUNH,post,Y,6/13/16,6/3/13,A,MADFW15935,F,Katherine Ineson,NA,LU,MA-Princeton,6,6
KG16MA218,res06,LUpost-res06,1,MYLU,MA,Princeton,KGUNH,post,Y,6/13/2016,6/14/2012,A,MADFW15771,F,Katherine Ineson,NA,LU,MA-Princeton,6,6
KG16MA232,res07,LUpost-res07,1,MYLU,MA,Princeton,KGUNH,post,Y,6/13/2016,5/16/13,A,MADFW15919,F,Katherine Ineson,NA,LU,MA-Princeton,6,6
KG16MA243,res08,LUpost-res08,1,MYLU,MA,Princeton,KGUNH,post,Y,6/13/2016,5/24/11,A,MADFW15547,F,Katherine Ineson,NA,LU,MA-Princeton,6,6
KG16MA266,res09,LUpost-res09,1,MYLU,MA,Princeton,KGUNH,post,Y,6/13/2016,6/14/2012,A,MADFW15775,F,Katherine Ineson,NA,LU,MA-Princeton,6,6
KG16MA241,tcap177,LUpost-tcap177,3,MYLU,MA,Princeton,KGUNH,post,Y,6/13/16,5/16/13,A,MADFW15907,F,Katherine Ineson,NA,LU,MA-Princeton,6,6
KG16MA337,tcap100,LUpost-tcap100,3,MYLU,MA,Pepperell,KGUNH,post,Y,6/20/16,5/12/14,A,MADFW16254,F,Katherine Ineson,NA,LU,MA-Pepperell,5,5
KG16MA330,tcap112,LUpost-tcap112,3,MYLU,MA,Pepperell,KGUNH,post,Y,6/20/16,5/13/13,A,MADFW15998,F,Katherine Ineson,NA,LU,MA-Pepperell,5,5
KG16MA335,res04,LUpost-res04,1,MYLU,MA,Pepperell,KGUNH,post,Y,6/20/2016,6/11/2012,A,MADFW15726,F,Katherine Ineson,NA,LU,MA-Pepperell,5,5
KG16MA321,res13,LUpost-res13,2,MYLU,MA,Pepperell,KGUNH,post,Y,6/20/16,7/13/12,A,MADFW15863,F,Katherine Ineson,NA,LU,MA-Pepperell,5,5
KG16NH072,res03,LUpost-res03,1,MYLU,NH,Charlestown,KGUNH,post,Y,6/30/2016,7/18/2011,A,NHFG41562,F,Katherine Ineson,NA,LU,NH-Charlestown,7,7
KG16NH066,res17,LUpost-res17,2,MYLU,NH,Charlestown,KGUNH,post,Y,6/30/16,6/19/12,A,NHFG41760,F,Katherine Ineson,NA,LU,NH-Charlestown,7,7
KG16NH053,res22,LUpost-res22,2,MYLU,NH,Charlestown,KGUNH,post,Y,6/30/16,7/16/12,A,NHFG41631,F,Katherine Ineson,NA,LU,NH-Charlestown,7,7
KG16NH076,res25,LUpost-res25,2,MYLU,NH,Charlestown,KGUNH,post,Y,6/30/16,6/19/12,A,NHFG41769,F,Katherine Ineson,NA,LU,NH-Charlestown,7,7
KG16MA507,tcap031,LUpost-tcap031,3,MYLU,MA,Princeton,KGUNH,post,Y,7/5/16,5/14/14,A,MADFW16282,F,Katherine Ineson,NA,LU,MA-Princeton,6,6
KG16MA484,tcap182,LUpost-tcap182,3,MYLU,MA,Princeton,KGUNH,post,Y,7/5/16,5/16/13,A,MADFW15923,F,Katherine Ineson,NA,LU,MA-Princeton,6,6
KG16MA516,res02,LUpost-res02,1,MYLU,MA,Princeton,KGUNH,post,Y,7/5/2016,6/8/2010,A,THK26280,F,Katherine Ineson,NA,LU,MA-Princeton,6,6
KG16MA487,res16,LUpost-res16,2,MYLU,MA,Princeton,KGUNH,post,Y,7/5/16,7/19/12,A,MADFW15884,F,Katherine Ineson,NA,LU,MA-Princeton,6,6
KG16MA488,res19,LUpost-res19,2,MYLU,MA,Princeton,KGUNH,post,Y,7/5/16,7/19/12,A,MADFW15994,F,Katherine Ineson,NA,LU,MA-Princeton,6,6
KG16MA520,tcap008,LUpost-tcap008,3,MYLU,MA,Princeton,KGUNH,post,Y,7/5/16,6/13/16,A,MADFW16832,F,Katherine Ineson,NA,LU,MA-Princeton,6,6
KG16MA500,tcap043,LUpost-tcap043,3,MYLU,MA,Princeton,KGUNH,post,Y,7/5/16,5/20/16,A,MADFW16330,F,Katherine Ineson,NA,LU,MA-Princeton,6,6
KG16MA517,tcap139,LUpost-tcap139,3,MYLU,MA,Princeton,KGUNH,post,Y,7/5/16,7/21/15,?,MADFW16315,F,Katherine Ineson,NA,LU,MA-Princeton,6,6
KG16MA579,tcap094,LUpost-tcap094,3,MYLU,MA,Pepperell,KGUNH,post,Y,7/12/16,5/12/14,A,MADFW16253,F,Katherine Ineson,NA,LU,MA-Pepperell,5,5
KG16MA572,tcap124,LUpost-tcap124,3,MYLU,MA,Pepperell,KGUNH,post,Y,7/12/16,5/23/16,A,MADFW16377,F,Katherine Ineson,NA,LU,MA-Pepperell,5,5
KG16NH084,res10,LUpost-res10,1,MYLU,NH,Milford,KGUNH,post,Y,7/13/2016,7/18/08,A,NHFG40264,F,Katherine Ineson,NA,LU,NH-Milford,9,9
KG16NH136,res11,LUpost-res11,1,MYLU,NH,Milford,KGUNH,post,Y,7/13/2016,6/3/09,A,MADFW16095,F,Katherine Ineson,NA,LU,NH-Milford,9,9
KG16MA683,tcap130,LUpost-tcap130,3,MYLU,MA,Princeton,KGUNH,post,Y,7/26/16,6/3/13,A,MADFW15949,F,Katherine Ineson,NA,LU,MA-Princeton,6,6
KG16MA686,tcap125,LUpost-tcap125,3,MYLU,MA,Princeton,KGUNH,post,Y,7/26/16,5/30/16,A,MADFW16803,F,Katherine Ineson,NA,LU,MA-Princeton,6,6
KG16MA723,res05,LUpost-res05,1,MYLU,MA,Pepperell,KGUNH,post,Y,8/1/2016,6/11/2012,A,MADFW15744,F,Katherine Ineson,NA,LU,MA-Pepperell,5,5
KG16MA717,tcap159,LUpost-tcap159,3,MYLU,MA,Pepperell,KGUNH,post,Y,8/1/16,5/23/16,A,MADFW16365,F,Katherine Ineson,NA,LU,MA-Pepperell,5,5
KG16MA816,tcap135,LUpost-tcap135,3,MYLU,MA,Princeton,KGUNH,post,Y,8/15/16,5/30/16,A,MADFW16801,F,Katherine Ineson,NA,LU,MA-Princeton,6,6
NYLI0132017,tcap116,SEpost-tcap116,3,MYSE,NY,SagHarbor,NYDEC,post,NA,4/12/2017,NA,NA,NYDEC31692,F,Sam Hoff,"UV+
RECAP 10/19/17",SE,NY-SagHarbor,13,13
NYLI0142017,tcap157,SEpost-tcap157,3,MYSE,NY,SagHarbor,NYDEC,post,NA,4/12/2017,NA,NA,NYDEC31693,F,Sam Hoff,UV+,SE,NY-SagHarbor,13,13
NYLI0122017,tcap164,SEpost-tcap164,3,MYSE,NY,SagHarbor,NYDEC,post,NA,4/12/2017,NA,NA,NYDEC31699,F,Sam Hoff,UV+,SE,NY-SagHarbor,13,13
NYLI0162017,tcap134,SEpost-tcap134,3,MYSE,NY,SagHarbor,NYDEC,post,NA,4/13/2017,NA,NA,NYDEC31695,F,Sam Hoff,Cleanest wings,SE,NY-SagHarbor,13,13
NYLI0152017,tcap170,SEpost-tcap170,3,MYSE,NY,SagHarbor,NYDEC,post,NA,4/13/2017,NA,NA,NYDEC31694,F,Sam Hoff,"UV+
Most infected",SE,NY-SagHarbor,13,13
KG17MA168,tcap136,LUpost-tcap136,3,MYLU,MA,Princeton,KGUNH,post,Y,5/16/17,6/14/12,A,MADFW15763,F,Katherine Ineson,NA,LU,MA-Princeton,6,6
KG17MA110,res23,LUpost-res23,2,MYLU,MA,Princeton,KGUNH,post,Y,5/16/17,7/11/11,A,MADFW15815,F,Katherine Ineson,NA,LU,MA-Princeton,6,6
KG17MA132,res35,LUpost-res35,2,MYLU,MA,Princeton,KGUNH,post,Y,5/16/17,5/16/13,A,MADFW15925,F,Katherine Ineson,NA,LU,MA-Princeton,6,6
KG17MA142,tcap105,LUpost-tcap105,3,MYLU,MA,Princeton,KGUNH,post,Y,5/16/17,7/23/16,A,MADFW16986,F,Katherine Ineson,NA,LU,MA-Princeton,6,6
KG17MA186,res26,LUpost-res26,2,MYLU,MA,Pepperell,KGUNH,post,Y,5/21/17,6/11/12,A,MADFW15726,F,Katherine Ineson,NA,LU,MA-Pepperell,5,5
KG17MA197,tcap109,LUpost-tcap109,3,MYLU,MA,Pepperell,KGUNH,post,Y,5/21/17,7/12/16,A,MADFW16922,F,Katherine Ineson,NA,LU,MA-Pepperell,5,5
KG17NH042,res29,LUpost-res29,2,MYLU,NH,Milford,KGUNH,post,Y,5/23/17,7/16/09,A,MADFW16152,F,Katherine Ineson,NA,LU,NH-Milford,9,9
KG17NH102,res31,LUpost-res31,2,MYLU,NH,Charlestown,KGUNH,post,Y,5/31/17,7/18/11,A,NHFG41589,F,Katherine Ineson,NA,LU,NH-Charlestown,7,7
KG17NH096,res34,LUpost-res34,2,MYLU,NH,Charlestown,KGUNH,post,Y,5/31/17,7/16/12,A,NHFG41638,F,Katherine Ineson,NA,LU,NH-Charlestown,7,7
KG17VT081,tcap095,LUpost-tcap095,3,MYLU,VT,Newfane,KGUNH,post,Y,6/1/17,6/22/16,A,VTDFW08359,F,Katherine Ineson,NA,LU,VT-Newfane,19,19
KG17MA364,res21,LUpost-res21,2,MYLU,MA,Princeton,KGUNH,post,Y,6/9/17,7/19/12,A,MADFW15989,F,Katherine Ineson,NA,LU,MA-Princeton,6,6
KG17MA331,res24,LUpost-res24,2,MYLU,MA,Princeton,KGUNH,post,Y,6/9/17,5/16/13,A,MADFW15926,F,Katherine Ineson,NA,LU,MA-Princeton,6,6
KG17MA329,res33,LUpost-res33,2,MYLU,MA,Princeton,KGUNH,post,Y,6/9/17,6/14/12,A,MADFW15762,F,Katherine Ineson,NA,LU,MA-Princeton,6,6
KG17MA380,tcap007,LUpost-tcap007,3,MYLU,MA,Princeton,KGUNH,post,Y,6/9/17,5/20/16,A,MADFW16328,F,Katherine Ineson,NA,LU,MA-Princeton,6,6
KG17MA366,tcap050,LUpost-tcap050,3,MYLU,MA,Princeton,KGUNH,post,Y,6/9/17,5/16/17,A,MADFW16468,F,Katherine Ineson,NA,LU,MA-Princeton,6,6
KG17MA345,tcap101,LUpost-tcap101,3,MYLU,MA,Princeton,KGUNH,post,Y,6/9/17,7/23/16,A,MADFW16980,F,Katherine Ineson,NA,LU,MA-Princeton,6,6
KG17MA325,tcap132,LUpost-tcap132,3,MYLU,MA,Princeton,KGUNH,post,Y,6/9/17,6/13/16,A,MADFW16831,F,Katherine Ineson,NA,LU,MA-Princeton,6,6
KG17MA403,tcap137,LUpost-tcap137,3,MYLU,MA,Princeton,KGUNH,post,Y,6/9/17,5/20/16,A,MADFW16347,F,Katherine Ineson,NA,LU,MA-Princeton,6,6
KG17MA406,res12,LUpost-res12,2,MYLU,MA,Pepperell,KGUNH,post,Y,6/13/17,5/13/13,A,MADFW15891,F,Katherine Ineson,NA,LU,MA-Pepperell,5,5
KG17MA417,res14,LUpost-res14,2,MYLU,MA,Pepperell,KGUNH,post,Y,6/13/17,5/12/12,A,MADFW15678,F,Katherine Ineson,NA,LU,MA-Pepperell,5,5
KG17MA437,res15,LUpost-res15,2,MYLU,MA,Pepperell,KGUNH,post,Y,6/13/17,6/11/12,A,MADFW15732,F,Katherine Ineson,NA,LU,MA-Pepperell,5,5
KG17MA426,res18,LUpost-res18,2,MYLU,MA,Pepperell,KGUNH,post,Y,6/13/17,5/28/13,A,MADFW15928,M,Katherine Ineson,NA,LU,MA-Pepperell,5,5
KG17MA439,res20,LUpost-res20,2,MYLU,MA,Pepperell,KGUNH,post,Y,6/13/17,6/11/12,A,MADFW15746,F,Katherine Ineson,NA,LU,MA-Pepperell,5,5
KG17MA452,res28,LUpost-res28,2,MYLU,MA,Pepperell,KGUNH,post,Y,6/13/17,7/13/12,A,MADFW15797,F,Katherine Ineson,NA,LU,MA-Pepperell,5,5
KG17MA444,tcap085,LUpost-tcap085,3,MYLU,MA,Pepperell,KGUNH,post,Y,6/13/17,5/23/16,A,MADFW16362,F,Katherine Ineson,NA,LU,MA-Pepperell,5,5
KG17MA416,tcap090,LUpost-tcap090,3,MYLU,MA,Pepperell,KGUNH,post,Y,6/13/17,5/23/16,A,MADFW16368,F,Katherine Ineson,NA,LU,MA-Pepperell,5,5
KG17NH148,res30,LUpost-res30,2,MYLU,NH,Milford,KGUNH,post,Y,6/14/17,7/12/12,A,THK31552,F,Katherine Ineson,NA,LU,NH-Milford,9,9
KG17NH155,tcap096,LUpost-tcap096,3,MYLU,NH,Milford,KGUNH,post,Y,6/14/17,5/23/17,A,NHFG41822,F,Katherine Ineson,NA,LU,NH-Milford,9,9
KG17MA463,tcap102,LUpost-tcap102,3,MYLU,MA,Lincoln,KGUNH,post,Y,6/20/17,8/10/16,A,MADFW16461,F,Katherine Ineson,NA,LU,MA-Lincoln,3,3
KG17NH170,res27,LUpost-res27,2,MYLU,NH,Charlestown,KGUNH,post,Y,6/21/17,6/27/13,A,GGG005,F,Katherine Ineson,NA,LU,NH-Charlestown,7,7
KG17NH176,res32,LUpost-res32,2,MYLU,NH,Charlestown,KGUNH,post,Y,6/21/17,7/18/11,A,NHFG41553,F,Katherine Ineson,NA,LU,NH-Charlestown,7,7
NYLI0022017,tcap111,SEpost-tcap111,3,MYSE,NY,HitherHills,NYDEC,post,NA,6/26/2017,NA,NA,NA,F,Sam Hoff,NA,SE,NY-HitherHills,12,12
NYLI0012017,tcap142,SEpost-tcap142,3,MYSE,NY,HitherHills,NYDEC,post,NA,6/26/2017,NA,NA,NA,F,Sam Hoff,NA,SE,NY-HitherHills,12,12
NYLI0112017,tcap160,SEpost-tcap160,3,MYSE,NY,HitherHills,NYDEC,post,NA,6/26/2017,NA,NA,NYDEC31696,F,Sam Hoff,NA,SE,NY-HitherHills,12,12
NYLI0032017,tcap126,SEpost-tcap126,3,MYSE,NY,HitherHills,NYDEC,post,NA,6/27/2017,NA,NA,NYDEC31698,F,Sam Hoff,NA,SE,NY-HitherHills,12,12
NYLI0052017,tcap168,SEpost-tcap168,3,MYSE,NY,HitherHills,NYDEC,post,NA,6/27/2017,NA,NA,NYDEC71501,F,Sam Hoff,NA,SE,NY-HitherHills,12,12
NYLI0042017,tcap195,SEpost-tcap195,3,MYSE,NY,HitherHills,NYDEC,post,NA,6/27/2017,NA,NA,NYDEC71500,F,Sam Hoff,NA,SE,NY-HitherHills,12,12
KG17MA630,tcap026,LUpost-tcap026,3,MYLU,MA,Princeton,KGUNH,post,Y,6/29/17,6/13/16,A,MADFW16838,F,Katherine Ineson,NA,LU,MA-Princeton,6,6
KG17MA606,tcap086,LUpost-tcap086,3,MYLU,MA,Princeton,KGUNH,post,Y,6/29/17,5/30/16,A,MADFW16810,F,Katherine Ineson,NA,LU,MA-Princeton,6,6
KG17MA585,tcap091,LUpost-tcap091,3,MYLU,MA,Princeton,KGUNH,post,Y,6/29/17,7/5/16,A,MADFW16901,F,Katherine Ineson,NA,LU,MA-Princeton,6,6
KG17MA575,tcap097,LUpost-tcap097,3,MYLU,MA,Princeton,KGUNH,post,Y,6/29/17,7/5/16,A,MADFW16889,F,Katherine Ineson,NA,LU,MA-Princeton,6,6
KG17MA653,tcap114,LUpost-tcap114,3,MYLU,MA,Princeton,KGUNH,post,Y,6/29/17,6/13/16,A,MADFW16832,F,Katherine Ineson,NA,LU,MA-Princeton,6,6
KG17MA635,tcap115,LUpost-tcap115,3,MYLU,MA,Princeton,KGUNH,post,Y,6/29/17,5/20/16,A,MADFW16328,F,Katherine Ineson,NA,LU,MA-Princeton,6,6
KG17MA650,tcap161,LUpost-tcap161,3,MYLU,MA,Princeton,KGUNH,post,Y,6/29/17,5/20/16,A,MADFW16807,F,Katherine Ineson,NA,LU,MA-Princeton,6,6
KG17MA665,tcap032,LUpost-tcap032,3,MYLU,MA,Pepperell,KGUNH,post,Y,7/5/17,7/12/16,A,MADFW16931,F,Katherine Ineson,NA,LU,MA-Pepperell,5,5
KG17MA685,tcap103,LUpost-tcap103,3,MYLU,MA,Pepperell,KGUNH,post,Y,7/5/17,7/12/16,A,MADFW16921,F,Katherine Ineson,NA,LU,MA-Pepperell,5,5
KG17MA714,tcap107,LUpost-tcap107,3,MYLU,MA,Pepperell,KGUNH,post,Y,7/5/17,5/23/16,A,MADFW16359,F,Katherine Ineson,NA,LU,MA-Pepperell,5,5
KG17MA715,tcap176,LUpost-tcap176,3,MYLU,MA,Pepperell,KGUNH,post,Y,7/5/17,5/23/16,A,MADFW16375,F,Katherine Ineson,NA,LU,MA-Pepperell,5,5
KG17NH242,tcap052,LUpost-tcap052,3,MYLU,NH,Milford,KGUNH,post,Y,7/11/17,6/13/12,A,NHFGD40196,F,Katherine Ineson,NA,LU,NH-Milford,9,9
KG17MA754,tcap098,LUpost-tcap098,3,MYLU,MA,Lincoln,KGUNH,post,Y,7/13/17,8/22/14,A,VTDFW08762,F,Katherine Ineson,NA,LU,MA-Lincoln,3,3
KG17MA733,tcap087,LUpost-tcap087,3,MYLU,MA,Lincoln,KGUNH,post,Y,7/13/17,7/19/16,J,MADFW16956,F,Katherine Ineson,NA,LU,MA-Lincoln,3,3
KG17MA751,tcap092,LUpost-tcap092,3,MYLU,MA,Lincoln,KGUNH,post,Y,7/13/17,7/19/16,J,MADFW16966,F,Katherine Ineson,NA,LU,MA-Lincoln,3,3
KG17MA734,tcap104,LUpost-tcap104,3,MYLU,MA,Lincoln,KGUNH,post,Y,7/13/17,7/19/16,A,MADFW16946,F,Katherine Ineson,NA,LU,MA-Lincoln,3,3
1,tcap128,SEpost-tcap128,3,MYSE,MA,Nantucket,NYDEC,post,N,7/18/2017,NA,A,RRR123,F,Sam Hoff,NA,SE,MA-Nantucket,4,4
KG17NH282,tcap156,LUpost-tcap156,3,MYLU,NH,Charlestown,KGUNH,post,Y,7/18/17,6/30/16,J,PPP086,F,Katherine Ineson,NA,LU,NH-Charlestown,7,7
KG17MA782,tcap138,LUpost-tcap138,3,MYLU,MA,Pepperell,KGUNH,post,Y,7/26/17,7/23/16,J,MADFW16984,F,Katherine Ineson,NA,LU,MA-Pepperell,5,5
2,tcap147,SEpost-tcap147,3,MYSE,MA,Nantucket,NYDEC,post,N,7/28/2017,NA,J,NA,M,Sam Hoff,bat found freshly dead on trail on land bank property at end of Appleton Rd,SE,MA-Nantucket,4,4
KG17NH312,tcap034,LUpost-tcap034,3,MYLU,NH,Milford,KGUNH,post,Y,8/1/17,7/13/16,J,NHFG41804,F,Katherine Ineson,NA,LU,NH-Milford,9,9
6,tcap117,SEpost-tcap117,3,MYSE,MA,Nantucket,NYDEC,post,N,8/2/2017,NA,J,NA,F,Sam Hoff,NA,SE,MA-Nantucket,4,4
5,tcap122,SEpost-tcap122,3,MYSE,MA,Nantucket,NYDEC,post,N,8/2/2017,NA,A,NA,F,Sam Hoff,NA,SE,MA-Nantucket,4,4
4,tcap131,SEpost-tcap131,3,MYSE,MA,Nantucket,NYDEC,post,N,8/2/2017,NA,J,NA,M,Sam Hoff,NA,SE,MA-Nantucket,4,4
3,tcap149,SEpost-tcap149,3,MYSE,MA,Nantucket,NYDEC,post,N,8/2/2017,NA,J,NA,M,Sam Hoff,NA,SE,MA-Nantucket,4,4
KG17MA798,tcap084,LUpost-tcap084,3,MYLU,MA,Pepperell,KGUNH,post,Y,8/3/17,8/1/16,J,MADFW16997,F,Katherine Ineson,NA,LU,MA-Pepperell,5,5
KG17MA862,tcap088,LUpost-tcap088,3,MYLU,MA,Lincoln,KGUNH,post,Y,8/8/17,7/19/16,J,MADFW16941,F,Katherine Ineson,NA,LU,MA-Lincoln,3,3
7,tcap118,SEpost-tcap118,3,MYSE,MA,Nantucket,NYDEC,post,N,8/8/2017,NA,A,NA,M,Sam Hoff,NA,SE,MA-Nantucket,4,4
8,tcap123,SEpost-tcap123,3,MYSE,MA,Nantucket,NYDEC,post,N,8/8/2017,NA,A,NA,F,Sam Hoff,NA,SE,MA-Nantucket,4,4
KG17VT193,tcap093,LUpost-tcap093,3,MYLU,VT,Newfane,KGUNH,post,Y,8/16/17,6/1/17,A,VTDFW08415,F,Katherine Ineson,NA,LU,VT-Newfane,19,19
CP16-0406,tcap190,LUpost-tcap190,3,MYLU,NY,HailesCave,NYDEC,post,Y,8/16/2017,un/un/2015,A,71182,M,Sam Hoff,NA,LU,NY-HailesCave,11,11
9,tcap121,SEpost-tcap121,3,MYSE,MA,Nantucket,NYDEC,post,N,8/17/2017,NA,A,18000,F,Sam Hoff,NA,SE,MA-Nantucket,4,4
12,tcap133,SEpost-tcap133,3,MYSE,MA,Nantucket,NYDEC,post,N,8/17/2017,NA,A,17996,F,Sam Hoff,NA,SE,MA-Nantucket,4,4
10,tcap146,SEpost-tcap146,3,MYSE,MA,Nantucket,NYDEC,post,N,8/17/2017,NA,A,17999,F,Sam Hoff,NA,SE,MA-Nantucket,4,4
11,tcap196,SEpost-tcap196,3,MYSE,MA,Nantucket,NYDEC,post,N,8/17/2017,NA,A,17998,F,Sam Hoff,NA,SE,MA-Nantucket,4,4
CP16-0409,tcap154,LUpost-tcap154,3,MYLU,NY,HailesCave,NYDEC,post,Y,8/23/2017,9/6/2016,A,31654,M,Sam Hoff,NA,LU,NY-HailesCave,11,11
CP16-0407,tcap167,LUpost-tcap167,3,MYLU,NY,HailesCave,NYDEC,post,Y,8/23/2017,9/1/2015,A,70981,M,Sam Hoff,NA,LU,NY-HailesCave,11,11
NYT012017,tcap158,SEpost-tcap158,3,MYSE,NY,TompkinsCounty,NYDEC,post,N,8/25/2017,NA,J,NA,M,Sam Hoff,Juvenile male submitted to rehabber,SE,NY-TompkinsCounty,15,15
NYJ0012017,tcap144,SEpost-tcap144,3,MYSE,NY,Syracuse,NYDEC,post,NA,9/1/2017,NA,NA,NA,NA,Sam Hoff,Fall swarm trapping,SE,NY-Syracuse,14,14
NYJ0022017,tcap162,SEpost-tcap162,3,MYSE,NY,Syracuse,NYDEC,post,NA,9/1/2017,NA,NA,NA,NA,Sam Hoff,Fall swarm trapping,SE,NY-Syracuse,14,14
KG17MA882,tcap099,LUpost-tcap099,3,MYLU,MA,Princeton,KGUNH,post,Y,9/15/17,6/9/17,A,MADFW16385,F,Katherine Ineson,NA,LU,MA-Princeton,6,6
CP16-0493,tcap002,LUpost-tcap002,3,MYLU,NY,HailesCave,NYDEC,post,Y,9/20/2017,9/2/15,A,71250,M,Sam Hoff,NA,LU,NY-HailesCave,11,11
CP16-0490,tcap127,LUpost-tcap127,3,MYLU,NY,HailesCave,NYDEC,post,Y,9/20/2017,9/8/15,A,71305,M,Sam Hoff,NA,LU,NY-HailesCave,11,11
CP16-0506,tcap113,LUpost-tcap113,3,MYLU,NY,HailesCave,NYDEC,post,Y,9/27/2017,9/23/2015,A,71740,M,Sam Hoff,NA,LU,NY-HailesCave,11,11
CP16-0503,tcap143,LUpost-tcap143,3,MYLU,NY,HailesCave,NYDEC,post,Y,9/27/2017,10/6/2015,A,71827,M,Sam Hoff,NA,LU,NY-HailesCave,11,11
CP16-0502,tcap174,LUpost-tcap174,3,MYLU,NY,HailesCave,NYDEC,post,Y,9/27/2017,un/un/2015,A,70116,M,Sam Hoff,NA,LU,NY-HailesCave,11,11
CP16-0504,tcap175,LUpost-tcap175,3,MYLU,NY,HailesCave,NYDEC,post,Y,9/27/2017,9/1/2015,A,70993,M,Sam Hoff,NA,LU,NY-HailesCave,11,11
CP16-0498,tcap183,LUpost-tcap183,3,MYLU,NY,HailesCave,NYDEC,post,Y,9/27/2017,9/14/2015,A,71447,M,Sam Hoff,NA,LU,NY-HailesCave,11,11
CP16-0497,tcap184,LUpost-tcap184,3,MYLU,NY,HailesCave,NYDEC,post,Y,9/27/2017,10/6/2015,A,71808,M,Sam Hoff,NA,LU,NY-HailesCave,11,11
CP16-0499,tcap189,LUpost-tcap189,3,MYLU,NY,HailesCave,NYDEC,post,Y,9/27/2017,8/26/2015,A,70927,M,Sam Hoff,NA,LU,NY-HailesCave,11,11
CP16-0501,tcap191,LUpost-tcap191,3,MYLU,NY,HailesCave,NYDEC,post,Y,9/27/2017,9/1/2015,A,71086,M,Sam Hoff,NA,LU,NY-HailesCave,11,11
CP16-0500,tcap192,LUpost-tcap192,3,MYLU,NY,HailesCave,NYDEC,post,Y,9/27/2017,8/26/2015,A,70921,M,Sam Hoff,NA,LU,NY-HailesCave,11,11
CP16-0505,tcap197,LUpost-tcap197,3,MYLU,NY,HailesCave,NYDEC,post,Y,9/27/2017,9/8/2015,A,71330,M,Sam Hoff,NA,LU,NY-HailesCave,11,11
CP16-0507,tcap198,LUpost-tcap198,3,MYLU,NY,HailesCave,NYDEC,post,Y,9/27/2017,9/2/2015,A,71136,M,Sam Hoff,NA,LU,NY-HailesCave,11,11
CP16-0416,tcap188,LUpost-tcap188,3,MYLU,NY,unknown,NYDEC,post,NA,9/27/2017,NA,NA,NA,NA,Sam Hoff,NA,LU,NY-unknown,16,16
CP16-0492,tcap140,LUpost-tcap140,3,MYLU,NY,HailesCave,NYDEC,post,Y,10/4/2017,8/30/2016,A,66214,F,Sam Hoff,NA,LU,NY-HailesCave,11,11
CP16-0489,tcap181,LUpost-tcap181,3,MYLU,NY,HailesCave,NYDEC,post,Y,10/4/2017,9/17/2015,A,71678,M,Sam Hoff,NA,LU,NY-HailesCave,11,11
NYLI0092017,tcap106,SEpost-tcap106,3,MYSE,NY,SagHarbor,NYDEC,post,NA,10/18/2017,NA,NA,NA,F,Sam Hoff,NA,SE,NY-SagHarbor,13,13
NYLI0082017,tcap108,SEpost-tcap108,3,MYSE,NY,SagHarbor,NYDEC,post,NA,10/18/2017,NA,NA,NA,F,Sam Hoff,NA,SE,NY-SagHarbor,13,13
NYLI0072017,tcap150,SEpost-tcap150,3,MYSE,NY,SagHarbor,NYDEC,post,NA,10/18/2017,NA,NA,NA,M,Sam Hoff,NA,SE,NY-SagHarbor,13,13
18,tcap153,SEpost-tcap153,3,MYSE,MA,Nantucket,NYDEC,post,N,10/18/2017,NA,A,17989,F,Sam Hoff,NA,SE,MA-Nantucket,4,4
19,tcap155,SEpost-tcap155,3,MYSE,MA,Nantucket,NYDEC,post,N,10/18/2017,NA,A,17990,F,Sam Hoff,NA,SE,MA-Nantucket,4,4
NYLI0062017,tcap163,SEpost-tcap163,3,MYSE,NY,SagHarbor,NYDEC,post,NA,10/18/2017,NA,NA,NA,M,Sam Hoff,NA,SE,NY-SagHarbor,13,13
16,tcap173,SEpost-tcap173,3,MYSE,MA,Nantucket,NYDEC,post,N,10/18/2017,NA,A,17992,M,Sam Hoff,NA,SE,MA-Nantucket,4,4
13,tcap178,SEpost-tcap178,3,MYSE,MA,Nantucket,NYDEC,post,N,10/18/2017,NA,A,17995,M,Sam Hoff,NA,SE,MA-Nantucket,4,4
14,tcap186,SEpost-tcap186,3,MYSE,MA,Nantucket,NYDEC,post,N,10/18/2017,NA,A,17994,M,Sam Hoff,NA,SE,MA-Nantucket,4,4
17,tcap187,SEpost-tcap187,3,MYSE,MA,Nantucket,NYDEC,post,N,10/18/2017,NA,A,17991,F,Sam Hoff,NA,SE,MA-Nantucket,4,4
15,tcap193,SEpost-tcap193,3,MYSE,MA,Nantucket,NYDEC,post,N,10/18/2017,NA,A,17993,M,Sam Hoff,NA,SE,MA-Nantucket,4,4
NYLI0102017,tcap129,SEpost-tcap129,3,MYSE,NY,SagHarbor,NYDEC,post,NA,10/19/2017,NA,NA,NA,F,Sam Hoff,NA,SE,NY-SagHarbor,13,13
21,tcap166,SEpost-tcap166,3,MYSE,MA,Nantucket,NYDEC,post,N,10/20/2017,NA,A,17987,M,Sam Hoff,NA,SE,MA-Nantucket,4,4
20,tcap172,SEpost-tcap172,3,MYSE,MA,Nantucket,NYDEC,post,N,10/20/2017,NA,A,17988,M,Sam Hoff,NA,SE,MA-Nantucket,4,4
23,tcap180,SEpost-tcap180,3,MYSE,MA,Nantucket,NYDEC,post,N,10/20/2017,NA,A,17984,M,Sam Hoff,NA,SE,MA-Nantucket,4,4
22,tcap194,SEpost-tcap194,3,MYSE,MA,Nantucket,NYDEC,post,N,10/20/2017,NA,A,17986,M,Sam Hoff,NA,SE,MA-Nantucket,4,4
europe.2527,tcap003,europe-tcap003,3,MYDA,Europe,Huovintie,TLIL,europe,NA,7/22/2014,NA,A,NA,F,Thomas Lilley,NA,europe,Europe-Huovintie,1,1
europe.2528,tcap119,europe-tcap119,3,MYDA,Europe,Huovintie,TLIL,europe,NA,7/22/2014,NA,A,NA,F,Thomas Lilley,NA,europe,Europe-Huovintie,1,1
europe.2531,tcap151,europe-tcap151,3,MYDA,Europe,Huovintie,TLIL,europe,NA,7/22/2014,NA,J,NA,F,Thomas Lilley,NA,europe,Europe-Huovintie,1,1
europe.2534,tcap152,europe-tcap152,3,MYDA,Europe,Huovintie,TLIL,europe,NA,7/22/2014,NA,J,NA,M,Thomas Lilley,NA,europe,Europe-Huovintie,1,1
europe.2530,tcap171,europe-tcap171,3,MYDA,Europe,Huovintie,TLIL,europe,NA,7/22/2014,NA,A,NA,F,Thomas Lilley,NA,europe,Europe-Huovintie,1,1
europe.2525,tcap179,europe-tcap179,3,MYDA,Europe,Huovintie,TLIL,europe,NA,7/22/2014,NA,J,NA,F,Thomas Lilley,NA,europe,Europe-Huovintie,1,1
